Id,Key
1,Season.1.Name
2,Season.2.Name
3,Episode.1.Name
4,Episode.2.Name
5,Episode.3.Name
6,Episode.4.Name
7,Episode.5.Name
8,Episode.6.Name
9,Episode.7.Name
10,Episode.8.Name
11,Episode.9.Name
12,Episode.10.Name
13,Episode.11.Name
14,Episode.12.Name
15,Episode.13.Name
16,Quote.1.Name
17,Quote.1.Image
18,Quote.2.Name
19,Quote.2.Image
20,Quote.3.Name
21,Quote.3.Image
22,Quote.4.Name
23,Quote.4.Image
24,Quote.5.Name
25,Quote.5.Image
26,Quote.6.Name
27,Quote.6.Image
28,Quote.7.Name
29,Quote.7.Image
30,Quote.8.Name
31,Quote.8.Image
32,Quote.9.Name
33,Quote.9.Image
34,Quote.10.Name
35,Quote.10.Image
36,Quote.11.Name
37,Quote.11.Image
38,Quote.12.Name
39,Quote.12.Image
40,Quote.13.Name
41,Quote.13.Image
42,Quote.14.Name
43,Quote.14.Image
44,Quote.15.Name
45,Quote.15.Image
46,Quote.16.Name
47,Quote.16.Image
48,Quote.17.Name
49,Quote.17.Image
50,Quote.18.Name
51,Quote.18.Image
52,Music.1.Name
53,Music.1.Author
54,Music.2.Name
55,Music.2.Author
56,Music.3.Name
57,Music.3.Author
58,Music.4.Name
59,Music.4.Author
60,Music.5.Name
61,Music.5.Author
62,Music.6.Name
63,Music.6.Author
64,Music.7.Name
65,Music.7.Author
66,Music.8.Name
67,Music.8.Author
68,Music.9.Name
69,Music.9.Author
70,Music.10.Name
71,Music.10.Author
72,Music.11.Name
73,Music.11.Author
74,Music.12.Name
75,Music.12.Author
76,Episode.14.Name
77,Episode.15.Name
78,Episode.16.Name
79,Episode.17.Name
80,Episode.18.Name
81,Episode.19.Name
82,Episode.20.Name
83,Episode.21.Name
84,Episode.22.Name
85,Music.13.Name
86,Music.13.Author
88,Season.3.Name
90,Episode.24.Name
94,Episode.28.Name
97,Episode.31.Name
101,Season.5.Name
102,Episode.35.Name
103,Episode.36.Name
104,Season.6.Name
105,Episode.37.Name
106,Episode.38.Name
107,Episode.39.Name
